{
  "project_info": {
    "project_number": "618513753523",
    "project_id": "washingthecars-a6f70",
    "storage_bucket": "washingthecars-a6f70.appspot.com"
  },
  "client": [
    {
      "client_info": {
        "mobilesdk_app_id": "1:618513753523:android:e4207ea03284fa2ab557c6",
        "android_client_info": {
          "package_name": "com.example.washingthecars"
        }
      },
      "oauth_client": [
        {
          "client_id": "618513753523-djk9lmv48h6rtbqdgf4ueiiel0m3fv0v.apps.googleusercontent.com",
          "client_type": 3
        }
      ],
      "api_key": [
        {
          "current_key": "AIzaSyDATjKOECjed132ryA5cEbu-lX6KHDowqU"
        }
      ],
      "services": {
        "appinvite_service": {
          "other_platform_oauth_client": [
            {
              "client_id": "618513753523-djk9lmv48h6rtbqdgf4ueiiel0m3fv0v.apps.googleusercontent.com",
              "client_type": 3
            }
          ]
        }
      }
    }
  ],
  "configuration_version": "1"
}